MODEL_ID,POPULATION_ID,OBSERVATION_ID,SCORE
eltm-pop-1,1,0,0.31007615
eltm-pop-1,1,1,0.10631182
eltm-pop-1,1,2,0.31007615
eltm-pop-1,1,3,0.31007615
eltm-pop-1,1,4,0.12698357
eltm-pop-1,1,5,0.12178734
eltm-pop-1,1,6,0.31007615
eltm-pop-1,1,7,0.31007615
eltm-pop-1,1,8,0.026906505
eltm-pop-1,1,9,0.31007615
eltm-pop-1,1,10,0.16583808
eltm-pop-1,1,11,0.31007615
eltm-pop-1,1,12,0.16583808
eltm-pop-1,1,13,0.12178734
eltm-pop-1,1,14,0.026906505
eltm-pop-1,1,15,0.10631182
eltm-pop-1,1,16,0.16583808
eltm-pop-1,1,17,0.12698357
eltm-pop-1,1,18,0.31007615
eltm-pop-1,1,19,0.31007615
eltm-pop-1,1,20,0.16583808
eltm-pop-1,1,21,0.31007615
eltm-pop-1,1,22,0.12178734
eltm-pop-1,1,23,0.10631182
eltm-pop-1,1,24,0.016829146
eltm-pop-1,1,25,0.16583808
eltm-pop-1,1,26,0.16583808
eltm-pop-1,1,27,0.31007615
eltm-pop-1,1,28,0.026906505
eltm-pop-1,1,29,0.10631182
eltm-pop-1,1,30,0.16583808
eltm-pop-1,1,31,0.16583808
eltm-pop-1,1,32,0.31007615
eltm-pop-1,1,33,0.31007615
eltm-pop-1,1,34,0.31007615
eltm-pop-1,1,35,0.31007615
eltm-pop-1,1,36,0.12698357
eltm-pop-1,1,37,0.31007615
eltm-pop-1,1,38,0.10631182
eltm-pop-1,1,39,0.12698357
eltm-pop-1,1,40,0.31007615
eltm-pop-1,1,41,0.04109443
eltm-pop-1,1,42,0.04109443
eltm-pop-1,1,43,0.16583808
eltm-pop-1,1,44,0.016829146
eltm-pop-1,1,45,0.10631182
eltm-pop-1,1,46,0.31007615
eltm-pop-1,1,47,0.16583808
eltm-pop-1,1,48,0.16583808
eltm-pop-1,1,49,0.04109443
eltm-pop-1,1,50,0.036638644
eltm-pop-1,1,51,0.12178734
eltm-pop-1,1,52,0.12178734
eltm-pop-1,1,53,0.12698357
eltm-pop-1,1,54,0.31007615
eltm-pop-1,1,55,0.16583808
eltm-pop-1,1,56,0.016829146
eltm-pop-1,1,57,0.31007615
eltm-pop-1,1,58,0.31007615
eltm-pop-1,1,59,0.12698357
eltm-pop-1,1,60,0.16583808
eltm-pop-1,1,61,0.016829146
eltm-pop-1,1,62,0.31007615
eltm-pop-1,1,63,0.16583808
eltm-pop-1,1,64,0.12698357
eltm-pop-1,1,65,0.10631182
eltm-pop-1,1,66,0.31007615
eltm-pop-1,1,67,0.12178734
eltm-pop-1,1,68,0.31007615
eltm-pop-1,1,69,0.31007615
eltm-pop-1,1,70,0.12698357
eltm-pop-1,1,71,0.31007615
eltm-pop-1,1,72,0.31007615
eltm-pop-1,1,73,0.31007615
eltm-pop-1,1,74,0.12178734
eltm-pop-1,1,75,0.16583808
eltm-pop-1,1,76,0.12178734
eltm-pop-1,1,77,0.31007615
eltm-pop-1,1,78,0.10631182
eltm-pop-1,1,79,0.10631182
eltm-pop-1,1,80,0.12698357
eltm-pop-1,1,81,0.026906505
eltm-pop-1,1,82,0.16583808
eltm-pop-1,1,83,0.31007615
eltm-pop-1,1,84,0.04109443
eltm-pop-1,1,85,0.04109443
eltm-pop-1,1,86,0.014089518
eltm-pop-1,1,87,0.12698357
eltm-pop-1,1,88,0.12698357
eltm-pop-1,1,89,0.12178734
eltm-pop-1,1,90,0.12178734
eltm-pop-1,1,91,0.12178734
eltm-pop-1,1,92,0.16583808
eltm-pop-1,1,93,0.31007615
eltm-pop-1,1,94,0.16583808
eltm-pop-1,1,95,0.036638644
eltm-pop-1,1,96,0.31007615
eltm-pop-1,1,97,0.31007615
eltm-pop-1,1,98,0.10631182
eltm-pop-1,1,99,0.31007615
eltm-pop-1,1,100,0.16583808
eltm-pop-1,1,101,0.31007615
eltm-pop-1,1,102,0.10631182
eltm-pop-1,1,103,0.10631182
eltm-pop-1,1,104,0.12178734
eltm-pop-1,1,105,0.12178734
eltm-pop-1,1,106,0.31007615
eltm-pop-1,1,107,0.31007615
eltm-pop-1,1,108,0.31007615
eltm-pop-1,1,109,0.12178734
eltm-pop-1,1,110,0.31007615
eltm-pop-1,1,111,0.16583808
eltm-pop-1,1,112,0.31007615
eltm-pop-1,1,113,0.10631182
eltm-pop-1,1,114,0.12178734
eltm-pop-1,1,115,0.12178734
eltm-pop-1,1,116,0.16583808
eltm-pop-1,1,117,0.16583808
eltm-pop-1,1,118,0.10631182
eltm-pop-1,1,119,0.036638644
eltm-pop-1,1,120,0.31007615
eltm-pop-1,1,121,0.31007615
eltm-pop-1,1,122,0.16583808
eltm-pop-1,1,123,0.12698357
eltm-pop-1,1,124,0.31007615
eltm-pop-1,1,125,0.12178734
eltm-pop-1,1,126,0.12178734
eltm-pop-1,1,127,0.026906505
eltm-pop-1,1,128,0.036638644
eltm-pop-1,1,129,0.16583808
eltm-pop-1,1,130,0.31007615
eltm-pop-1,1,131,0.036638644
eltm-pop-1,1,132,0.12698357
eltm-pop-1,1,133,0.31007615
eltm-pop-1,1,134,0.31007615
eltm-pop-1,1,135,0.31007615
eltm-pop-1,1,136,0.16583808
eltm-pop-1,1,137,0.04109443
eltm-pop-1,1,138,0.12178734
eltm-pop-1,1,139,0.10631182
eltm-pop-1,1,140,0.16583808
eltm-pop-1,1,141,0.04109443
eltm-pop-1,1,142,0.12698357
eltm-pop-1,1,143,0.16583808
eltm-pop-1,1,144,0.16583808
eltm-pop-1,1,145,0.31007615
eltm-pop-1,1,146,0.31007615
eltm-pop-1,1,147,0.16583808
eltm-pop-1,1,148,0.31007615
eltm-pop-1,1,149,0.04109443
eltm-pop-1,1,150,0.16583808
eltm-pop-1,1,151,0.10631182
eltm-pop-1,1,152,0.036638644
eltm-pop-1,1,153,0.16583808
eltm-pop-1,1,154,0.04109443
eltm-pop-1,1,155,0.12698357
eltm-pop-1,1,156,0.10631182
eltm-pop-1,1,157,0.16583808
eltm-pop-1,1,158,0.31007615
eltm-pop-1,1,159,0.011812424
eltm-pop-1,1,160,0.12698357
eltm-pop-1,1,161,0.10631182
eltm-pop-1,1,162,0.026906505
eltm-pop-1,1,163,0.10631182
eltm-pop-1,1,164,0.011570099
eltm-pop-1,1,165,0.12178734
eltm-pop-1,1,166,0.011570099
eltm-pop-1,1,167,0.014089518
eltm-pop-1,1,168,0.12698357
eltm-pop-1,1,169,0.036638644
eltm-pop-1,1,170,0.16583808
eltm-pop-1,1,171,0.16583808
eltm-pop-1,1,172,0.16583808
eltm-pop-1,1,173,0.12178734
eltm-pop-1,1,174,0.31007615
eltm-pop-1,1,175,0.16583808
eltm-pop-1,1,176,0.31007615
eltm-pop-1,1,177,0.31007615
eltm-pop-1,1,178,0.10631182
eltm-pop-1,1,179,0.04109443
eltm-pop-1,1,180,0.10631182
eltm-pop-1,1,181,0.31007615
eltm-pop-1,1,182,0.12178734
eltm-pop-1,1,183,0.31007615
eltm-pop-1,1,184,0.011570099
eltm-pop-1,1,185,0.10631182
eltm-pop-1,1,186,0.31007615
eltm-pop-1,1,187,0.31007615
eltm-pop-1,1,188,0.31007615
eltm-pop-1,1,189,0.12178734
eltm-pop-1,1,190,0.16583808
eltm-pop-1,1,191,0.31007615
eltm-pop-1,1,192,0.10631182
eltm-pop-1,1,193,0.31007615
eltm-pop-1,1,194,0.31007615
eltm-pop-1,1,195,0.10631182
eltm-pop-1,1,196,0.04109443
eltm-pop-1,1,197,0.31007615
eltm-pop-1,1,198,0.12698357
eltm-pop-1,1,199,0.31007615
eltm-pop-1,1,200,0.31007615
eltm-pop-1,1,201,0.16583808
eltm-pop-1,1,202,0.12698357
eltm-pop-1,1,203,0.016829146
eltm-pop-1,1,204,0.016829146
eltm-pop-1,1,205,0.12178734
eltm-pop-1,1,206,0.31007615
eltm-pop-1,1,207,0.12698357
eltm-pop-1,1,208,0.12178734
eltm-pop-1,1,209,0.31007615
eltm-pop-1,1,210,0.12178734
eltm-pop-1,1,211,0.16583808
eltm-pop-1,1,212,0.04109443
eltm-pop-1,1,213,0.12178734
eltm-pop-1,1,214,0.026906505
eltm-pop-1,1,215,0.10631182
eltm-pop-1,1,216,0.31007615
eltm-pop-1,1,217,0.12178734
eltm-pop-1,1,218,0.12698357
eltm-pop-1,1,219,0.31007615
eltm-pop-1,1,220,0.12698357
eltm-pop-1,1,221,0.16583808
eltm-pop-1,1,222,0.16583808
eltm-pop-1,1,223,0.31007615
eltm-pop-1,1,224,0.12178734
eltm-pop-1,1,225,0.12178734
eltm-pop-1,1,226,0.12698357
eltm-pop-1,1,227,0.31007615
eltm-pop-1,1,228,0.12698357
eltm-pop-1,1,229,0.008496791
eltm-pop-1,1,230,0.12698357
eltm-pop-1,1,231,0.31007615
eltm-pop-1,1,232,0.16583808
eltm-pop-1,1,233,0.16583808
eltm-pop-1,1,234,0.12178734
eltm-pop-1,1,235,0.16583808
eltm-pop-1,1,236,0.31007615
eltm-pop-1,1,237,0.036638644
eltm-pop-1,1,238,0.036638644
eltm-pop-1,1,239,0.12698357
eltm-pop-1,1,240,0.10631182
eltm-pop-1,1,241,0.12698357
eltm-pop-1,1,242,0.31007615
eltm-pop-1,1,243,0.12178734
eltm-pop-1,1,244,0.10631182
eltm-pop-1,1,245,0.31007615
eltm-pop-1,1,246,0.31007615
eltm-pop-1,1,247,0.12698357
eltm-pop-1,1,248,0.10631182
eltm-pop-1,1,249,0.12698357
eltm-pop-1,1,250,0.16583808
eltm-pop-1,1,251,0.12698357
eltm-pop-1,1,252,0.011812424
eltm-pop-1,1,253,0.16583808
eltm-pop-1,1,254,0.31007615
eltm-pop-1,1,255,0.12178734
eltm-pop-1,1,256,0.10631182
eltm-pop-1,1,257,0.31007615
eltm-pop-1,1,258,0.12178734
eltm-pop-1,1,259,0.31007615
eltm-pop-1,1,260,0.31007615
eltm-pop-1,1,261,0.31007615
eltm-pop-1,1,262,0.011570099
eltm-pop-1,1,263,0.10631182
eltm-pop-1,1,264,0.008496791
eltm-pop-1,1,265,0.31007615
eltm-pop-1,1,266,0.12698357
eltm-pop-1,1,267,0.31007615
eltm-pop-1,1,268,0.31007615
eltm-pop-1,1,269,0.31007615
eltm-pop-1,1,270,0.10631182
eltm-pop-1,1,271,0.04109443
eltm-pop-1,1,272,0.036638644
eltm-pop-1,1,273,0.011812424
eltm-pop-1,1,274,0.16583808
eltm-pop-1,1,275,0.10631182
eltm-pop-1,1,276,0.026906505
eltm-pop-1,1,277,0.10631182
eltm-pop-1,1,278,0.31007615
eltm-pop-1,1,279,0.10631182
eltm-pop-1,1,280,0.12698357
eltm-pop-1,1,281,0.31007615
eltm-pop-1,1,282,0.31007615
eltm-pop-1,1,283,0.12178734
eltm-pop-1,1,284,0.12698357
eltm-pop-1,1,285,0.16583808
eltm-pop-1,1,286,0.31007615
eltm-pop-1,1,287,0.16583808
eltm-pop-1,1,288,0.12178734
eltm-pop-1,1,289,0.12698357
eltm-pop-1,1,290,0.011812424
eltm-pop-1,1,291,0.036638644
eltm-pop-1,1,292,0.12178734
eltm-pop-1,1,293,0.12698357
eltm-pop-1,1,294,0.12698357
eltm-pop-1,1,295,0.12698357
eltm-pop-1,1,296,0.31007615
eltm-pop-1,1,297,0.04109443
eltm-pop-1,1,298,0.31007615
eltm-pop-1,1,299,0.036638644
eltm-pop-1,2,0,0.12178734
eltm-pop-1,2,1,0.12178734
eltm-pop-1,2,2,0.16583808
eltm-pop-1,2,3,0.31007615
eltm-pop-1,2,4,0.31007615
eltm-pop-1,2,5,0.31007615
eltm-pop-1,2,6,0.16583808
eltm-pop-1,2,7,0.12178734
eltm-pop-1,2,8,0.31007615
eltm-pop-1,2,9,0.12178734
eltm-pop-1,2,10,0.036638644
eltm-pop-1,2,11,0.31007615
eltm-pop-1,2,12,0.016829146
eltm-pop-1,2,13,0.16583808
eltm-pop-1,2,14,0.04109443
eltm-pop-1,2,15,0.001565502
eltm-pop-1,2,16,0.31007615
eltm-pop-1,2,17,0.31007615
eltm-pop-1,2,18,0.31007615
eltm-pop-1,2,19,0.31007615
eltm-pop-1,2,20,0.31007615
eltm-pop-1,2,21,0.12178734
eltm-pop-1,2,22,0.011812424
eltm-pop-1,2,23,0.12178734
eltm-pop-1,2,24,0.011812424
eltm-pop-1,2,25,0.16583808
eltm-pop-1,2,26,0.31007615
eltm-pop-1,2,27,0.12178734
eltm-pop-1,2,28,0.31007615
eltm-pop-1,2,29,0.31007615
eltm-pop-1,2,30,0.12178734
eltm-pop-1,2,31,0.16583808
eltm-pop-1,2,32,0.12178734
eltm-pop-1,2,33,0.12178734
eltm-pop-1,2,34,0.31007615
eltm-pop-1,2,35,0.31007615
eltm-pop-1,2,36,0.12178734
eltm-pop-1,2,37,0.12178734
eltm-pop-1,2,38,0.10631182
eltm-pop-1,2,39,0.011812424
eltm-pop-1,2,40,0.31007615
eltm-pop-1,2,41,0.12178734
eltm-pop-1,2,42,0.31007615
eltm-pop-1,2,43,0.16583808
eltm-pop-1,2,44,0.12698357
eltm-pop-1,2,45,0.31007615
eltm-pop-1,2,46,0.026906505
eltm-pop-1,2,47,0.16583808
eltm-pop-1,2,48,0.011812424
eltm-pop-1,2,49,0.31007615
eltm-pop-1,2,50,0.31007615
eltm-pop-1,2,51,0.31007615
eltm-pop-1,2,52,0.12178734
eltm-pop-1,2,53,0.12698357
eltm-pop-1,2,54,0.31007615
eltm-pop-1,2,55,0.12178734
eltm-pop-1,2,56,0.12178734
eltm-pop-1,2,57,0.12178734
eltm-pop-1,2,58,0.16583808
eltm-pop-1,2,59,0.31007615
eltm-pop-1,2,60,0.31007615
eltm-pop-1,2,61,0.04109443
eltm-pop-1,2,62,0.16583808
eltm-pop-1,2,63,0.12178734
eltm-pop-1,2,64,0.12698357
eltm-pop-1,2,65,0.011812424
eltm-pop-1,2,66,0.31007615
eltm-pop-1,2,67,0.31007615
eltm-pop-1,2,68,0.31007615
eltm-pop-1,2,69,0.16583808
eltm-pop-1,2,70,0.026906505
eltm-pop-1,2,71,0.31007615
eltm-pop-1,2,72,0.04109443
eltm-pop-1,2,73,0.16583808
eltm-pop-1,2,74,0.12178734
eltm-pop-1,2,75,0.12178734
eltm-pop-1,2,76,0.12178734
eltm-pop-1,2,77,0.036638644
eltm-pop-1,2,78,0.31007615
eltm-pop-1,2,79,0.16583808
eltm-pop-1,2,80,0.16583808
eltm-pop-1,2,81,0.31007615
eltm-pop-1,2,82,0.12178734
eltm-pop-1,2,83,0.036638644
eltm-pop-1,2,84,0.12698357
eltm-pop-1,2,85,0.036638644
eltm-pop-1,2,86,0.31007615
eltm-pop-1,2,87,0.31007615
eltm-pop-1,2,88,0.026906505
eltm-pop-1,2,89,0.036638644
eltm-pop-1,2,90,0.16583808
eltm-pop-1,2,91,0.31007615
eltm-pop-1,2,92,0.31007615
eltm-pop-1,2,93,0.12178734
eltm-pop-1,2,94,0.31007615
eltm-pop-1,2,95,0.12178734
eltm-pop-1,2,96,0.12178734
eltm-pop-1,2,97,0.16583808
eltm-pop-1,2,98,0.12698357
eltm-pop-1,2,99,0.31007615
eltm-pop-1,2,100,0.12178734
eltm-pop-1,2,101,0.16583808
eltm-pop-1,2,102,0.31007615
eltm-pop-1,2,103,0.31007615
eltm-pop-1,2,104,0.036638644
eltm-pop-1,2,105,0.31007615
eltm-pop-1,2,106,0.31007615
eltm-pop-1,2,107,0.31007615
eltm-pop-1,2,108,0.31007615
eltm-pop-1,2,109,0.12178734
eltm-pop-1,2,110,0.12178734
eltm-pop-1,2,111,0.16583808
eltm-pop-1,2,112,0.16583808
eltm-pop-1,2,113,0.31007615
eltm-pop-1,2,114,0.31007615
eltm-pop-1,2,115,0.31007615
eltm-pop-1,2,116,0.31007615
eltm-pop-1,2,117,0.04109443
eltm-pop-1,2,118,0.011812424
eltm-pop-1,2,119,0.036638644
eltm-pop-1,2,120,0.026906505
eltm-pop-1,2,121,0.12178734
eltm-pop-1,2,122,0.12698357
eltm-pop-1,2,123,0.31007615
eltm-pop-1,2,124,0.10631182
eltm-pop-1,2,125,0.026906505
eltm-pop-1,2,126,0.026906505
eltm-pop-1,2,127,0.31007615
eltm-pop-1,2,128,0.31007615
eltm-pop-1,2,129,0.31007615
eltm-pop-1,2,130,0.12178734
eltm-pop-1,2,131,0.026906505
eltm-pop-1,2,132,0.011812424
eltm-pop-1,2,133,0.026906505
eltm-pop-1,2,134,0.04109443
eltm-pop-1,2,135,0.31007615
eltm-pop-1,2,136,0.16583808
eltm-pop-1,2,137,0.036638644
eltm-pop-1,2,138,0.12178734
eltm-pop-1,2,139,0.12178734
eltm-pop-1,2,140,0.12178734
eltm-pop-1,2,141,0.31007615
eltm-pop-1,2,142,0.16583808
eltm-pop-1,2,143,0.31007615
eltm-pop-1,2,144,0.16583808
eltm-pop-1,2,145,0.31007615
eltm-pop-1,2,146,0.31007615
eltm-pop-1,2,147,0.31007615
eltm-pop-1,2,148,0.026906505
eltm-pop-1,2,149,0.011812424
eltm-pop-1,2,150,0.16583808
eltm-pop-1,2,151,0.026906505
eltm-pop-1,2,152,0.16583808
eltm-pop-1,2,153,0.12178734
eltm-pop-1,2,154,0.12178734
eltm-pop-1,2,155,0.31007615
eltm-pop-1,2,156,0.12178734
eltm-pop-1,2,157,0.011812424
eltm-pop-1,2,158,0.12178734
eltm-pop-1,2,159,0.12178734
eltm-pop-1,2,160,0.16583808
eltm-pop-1,2,161,0.31007615
eltm-pop-1,2,162,0.31007615
eltm-pop-1,2,163,0.011812424
eltm-pop-1,2,164,0.31007615
eltm-pop-1,2,165,0.011812424
eltm-pop-1,2,166,0.12698357
eltm-pop-1,2,167,0.10631182
eltm-pop-1,2,168,0.026906505
eltm-pop-1,2,169,0.31007615
eltm-pop-1,2,170,0.12178734
eltm-pop-1,2,171,0.16583808
eltm-pop-1,2,172,0.026906505
eltm-pop-1,2,173,0.31007615
eltm-pop-1,2,174,0.31007615
eltm-pop-1,2,175,0.011812424
eltm-pop-1,2,176,0.31007615
eltm-pop-1,2,177,0.10631182
eltm-pop-1,2,178,0.31007615
eltm-pop-1,2,179,0.31007615
eltm-pop-1,2,180,0.16583808
eltm-pop-1,2,181,0.31007615
eltm-pop-1,2,182,0.12178734
eltm-pop-1,2,183,0.011812424
eltm-pop-1,2,184,0.12698357
eltm-pop-1,2,185,0.31007615
eltm-pop-1,2,186,0.12698357
eltm-pop-1,2,187,0.026906505
eltm-pop-1,2,188,0.12178734
eltm-pop-1,2,189,0.31007615
eltm-pop-1,2,190,0.31007615
eltm-pop-1,2,191,0.31007615
eltm-pop-1,2,192,0.31007615
eltm-pop-1,2,193,0.16583808
eltm-pop-1,2,194,0.31007615
eltm-pop-1,2,195,0.011570099
eltm-pop-1,2,196,0.12178734
eltm-pop-1,2,197,0.16583808
eltm-pop-1,2,198,0.31007615
eltm-pop-1,2,199,0.12178734
eltm-pop-1,2,200,0.31007615
eltm-pop-1,2,201,0.31007615
eltm-pop-1,2,202,0.16583808
eltm-pop-1,2,203,0.026906505
eltm-pop-1,2,204,0.31007615
eltm-pop-1,2,205,0.036638644
eltm-pop-1,2,206,0.31007615
eltm-pop-1,2,207,0.026906505
eltm-pop-1,2,208,0.31007615
eltm-pop-1,2,209,0.026906505
eltm-pop-1,2,210,0.011812424
eltm-pop-1,2,211,0.12178734
eltm-pop-1,2,212,0.12178734
eltm-pop-1,2,213,0.12698357
eltm-pop-1,2,214,0.16583808
eltm-pop-1,2,215,0.12178734
eltm-pop-1,2,216,0.31007615
eltm-pop-1,2,217,0.16583808
eltm-pop-1,2,218,0.31007615
eltm-pop-1,2,219,0.016829146
eltm-pop-1,2,220,0.008496791
eltm-pop-1,2,221,0.008496791
eltm-pop-1,2,222,0.12178734
eltm-pop-1,2,223,0.31007615
eltm-pop-1,2,224,0.12178734
eltm-pop-1,2,225,0.10631182
eltm-pop-1,2,226,0.31007615
eltm-pop-1,2,227,0.12178734
eltm-pop-1,2,228,0.12698357
eltm-pop-1,2,229,0.12178734
eltm-pop-1,2,230,0.12178734
eltm-pop-1,2,231,0.12178734
eltm-pop-1,2,232,0.31007615
eltm-pop-1,2,233,0.0
eltm-pop-1,2,234,0.31007615
eltm-pop-1,2,235,0.026906505
eltm-pop-1,2,236,0.31007615
eltm-pop-1,2,237,0.026906505
eltm-pop-1,2,238,0.12178734
eltm-pop-1,2,239,0.12178734
eltm-pop-1,2,240,0.31007615
eltm-pop-1,2,241,0.16583808
eltm-pop-1,2,242,0.16583808
eltm-pop-1,2,243,0.008496791
eltm-pop-1,2,244,0.31007615
eltm-pop-1,2,245,0.026906505
eltm-pop-1,2,246,0.12178734
eltm-pop-1,2,247,0.31007615
eltm-pop-1,2,248,0.16583808
eltm-pop-1,2,249,0.31007615
eltm-pop-1,2,250,0.31007615
eltm-pop-1,2,251,0.31007615
eltm-pop-1,2,252,0.12178734
eltm-pop-1,2,253,0.12178734
eltm-pop-1,2,254,0.12178734
eltm-pop-1,2,255,0.16583808
eltm-pop-1,2,256,0.12178734
eltm-pop-1,2,257,0.12178734
eltm-pop-1,2,258,0.16583808
eltm-pop-1,2,259,0.16583808
eltm-pop-1,2,260,0.12698357
eltm-pop-1,2,261,0.31007615
eltm-pop-1,2,262,0.31007615
eltm-pop-1,2,263,0.026906505
eltm-pop-1,2,264,0.04109443
eltm-pop-1,2,265,0.31007615
eltm-pop-1,2,266,0.026906505
eltm-pop-1,2,267,0.011570099
eltm-pop-1,2,268,0.036638644
eltm-pop-1,2,269,0.31007615
eltm-pop-1,2,270,0.12178734
eltm-pop-1,2,271,0.04109443
eltm-pop-1,2,272,0.31007615
eltm-pop-1,2,273,0.001565502
eltm-pop-1,2,274,0.31007615
eltm-pop-1,2,275,0.31007615
eltm-pop-1,2,276,0.036638644
eltm-pop-1,2,277,0.026906505
eltm-pop-1,2,278,0.16583808
eltm-pop-1,2,279,0.16583808
eltm-pop-1,2,280,0.16583808
eltm-pop-1,2,281,0.31007615
eltm-pop-1,2,282,0.026906505
eltm-pop-1,2,283,0.026906505
eltm-pop-1,2,284,0.12178734
eltm-pop-1,2,285,0.16583808
eltm-pop-1,2,286,0.12698357
eltm-pop-1,2,287,0.31007615
eltm-pop-1,2,288,0.31007615
eltm-pop-1,2,289,0.31007615
eltm-pop-1,2,290,0.12178734
eltm-pop-1,2,291,0.12178734
eltm-pop-1,2,292,0.31007615
eltm-pop-1,2,293,0.12178734
eltm-pop-1,2,294,0.31007615
eltm-pop-1,2,295,0.036638644
eltm-pop-1,2,296,0.026906505
eltm-pop-1,2,297,0.026906505
eltm-pop-1,2,298,0.036638644
eltm-pop-1,2,299,0.036638644
eltm-pop-1,3,0,0.036638644
eltm-pop-1,3,1,0.036638644
eltm-pop-1,3,2,0.036638644
eltm-pop-1,3,3,0.12698357
eltm-pop-1,3,4,0.16583808
eltm-pop-1,3,5,0.04109443
eltm-pop-1,3,6,0.16583808
eltm-pop-1,3,7,0.026906505
eltm-pop-1,3,8,0.011570099
eltm-pop-1,3,9,0.10631182
eltm-pop-1,3,10,0.12178734
eltm-pop-1,3,11,0.12178734
eltm-pop-1,3,12,0.12698357
eltm-pop-1,3,13,0.10631182
eltm-pop-1,3,14,0.31007615
eltm-pop-1,3,15,0.31007615
eltm-pop-1,3,16,0.10631182
eltm-pop-1,3,17,0.31007615
eltm-pop-1,3,18,0.036638644
eltm-pop-1,3,19,0.12178734
eltm-pop-1,3,20,0.12178734
eltm-pop-1,3,21,0.16583808
eltm-pop-1,3,22,0.036638644
eltm-pop-1,3,23,0.31007615
eltm-pop-1,3,24,0.0
eltm-pop-1,3,25,0.011570099
eltm-pop-1,3,26,0.12178734
eltm-pop-1,3,27,0.026906505
eltm-pop-1,3,28,0.011570099
eltm-pop-1,3,29,0.12698357
eltm-pop-1,3,30,0.12698357
eltm-pop-1,3,31,0.008496791
eltm-pop-1,3,32,0.011570099
eltm-pop-1,3,33,0.16583808
eltm-pop-1,3,34,0.12698357
eltm-pop-1,3,35,0.011570099
eltm-pop-1,3,36,0.16583808
eltm-pop-1,3,37,0.16583808
eltm-pop-1,3,38,0.16583808
eltm-pop-1,3,39,0.036638644
eltm-pop-1,3,40,0.0
eltm-pop-1,3,41,0.008496791
eltm-pop-1,3,42,0.026906505
eltm-pop-1,3,43,0.10631182
eltm-pop-1,3,44,0.12178734
eltm-pop-1,3,45,0.011570099
eltm-pop-1,3,46,0.036638644
eltm-pop-1,3,47,0.12698357
eltm-pop-1,3,48,0.011570099
eltm-pop-1,3,49,0.011570099
eltm-pop-1,3,50,0.12178734
eltm-pop-1,3,51,0.036638644
eltm-pop-1,3,52,0.026906505
eltm-pop-1,3,53,0.16583808
eltm-pop-1,3,54,0.12178734
eltm-pop-1,3,55,0.026906505
eltm-pop-1,3,56,0.026906505
eltm-pop-1,3,57,0.011570099
eltm-pop-1,3,58,0.12178734
eltm-pop-1,3,59,0.12698357
eltm-pop-1,3,60,0.16583808
eltm-pop-1,3,61,0.011570099
eltm-pop-1,3,62,0.036638644
eltm-pop-1,3,63,0.31007615
eltm-pop-1,3,64,0.008496791
eltm-pop-1,3,65,0.16583808
eltm-pop-1,3,66,0.011570099
eltm-pop-1,3,67,0.16583808
eltm-pop-1,3,68,0.011570099
eltm-pop-1,3,69,0.16583808
eltm-pop-1,3,70,0.12698357
eltm-pop-1,3,71,0.10631182
eltm-pop-1,3,72,0.16583808
eltm-pop-1,3,73,0.12178734
eltm-pop-1,3,74,0.16583808
eltm-pop-1,3,75,0.16583808
eltm-pop-1,3,76,0.036638644
eltm-pop-1,3,77,0.008496791
eltm-pop-1,3,78,0.12698357
eltm-pop-1,3,79,0.16583808
eltm-pop-1,3,80,0.036638644
eltm-pop-1,3,81,0.12698357
eltm-pop-1,3,82,0.12698357
eltm-pop-1,3,83,0.12178734
eltm-pop-1,3,84,0.12178734
eltm-pop-1,3,85,0.16583808
eltm-pop-1,3,86,0.036638644
eltm-pop-1,3,87,0.026906505
eltm-pop-1,3,88,0.16583808
eltm-pop-1,3,89,0.036638644
eltm-pop-1,3,90,0.12178734
eltm-pop-1,3,91,0.16583808
eltm-pop-1,3,92,0.12178734
eltm-pop-1,3,93,0.12698357
eltm-pop-1,3,94,0.026906505
eltm-pop-1,3,95,0.036638644
eltm-pop-1,3,96,0.12698357
eltm-pop-1,3,97,0.12698357
eltm-pop-1,3,98,0.16583808
eltm-pop-1,3,99,0.008496791
eltm-pop-1,3,100,0.036638644
eltm-pop-1,3,101,0.011570099
eltm-pop-1,3,102,0.16583808
eltm-pop-1,3,103,0.011570099
eltm-pop-1,3,104,0.31007615
eltm-pop-1,3,105,0.31007615
eltm-pop-1,3,106,0.026906505
eltm-pop-1,3,107,0.31007615
eltm-pop-1,3,108,0.12698357
eltm-pop-1,3,109,0.008496791
eltm-pop-1,3,110,0.026906505
eltm-pop-1,3,111,0.16583808
eltm-pop-1,3,112,0.026906505
eltm-pop-1,3,113,0.011570099
eltm-pop-1,3,114,0.026906505
eltm-pop-1,3,115,0.31007615
eltm-pop-1,3,116,0.16583808
eltm-pop-1,3,117,0.16583808
eltm-pop-1,3,118,0.011570099
eltm-pop-1,3,119,0.011812424
eltm-pop-1,3,120,0.31007615
eltm-pop-1,3,121,0.12178734
eltm-pop-1,3,122,0.16583808
eltm-pop-1,3,123,0.12698357
eltm-pop-1,3,124,0.12178734
eltm-pop-1,3,125,0.12698357
eltm-pop-1,3,126,0.008496791
eltm-pop-1,3,127,0.026906505
eltm-pop-1,3,128,0.31007615
eltm-pop-1,3,129,0.10631182
eltm-pop-1,3,130,0.12178734
eltm-pop-1,3,131,0.036638644
eltm-pop-1,3,132,0.008496791
eltm-pop-1,3,133,0.16583808
eltm-pop-1,3,134,0.008496791
eltm-pop-1,3,135,0.12698357
eltm-pop-1,3,136,0.011812424
eltm-pop-1,3,137,0.036638644
eltm-pop-1,3,138,0.16583808
eltm-pop-1,3,139,0.16583808
eltm-pop-1,3,140,0.04109443
eltm-pop-1,3,141,0.12178734
eltm-pop-1,3,142,0.008496791
eltm-pop-1,3,143,0.12178734
eltm-pop-1,3,144,0.31007615
eltm-pop-1,3,145,0.008496791
eltm-pop-1,3,146,0.036638644
eltm-pop-1,3,147,0.12178734
eltm-pop-1,3,148,0.036638644
eltm-pop-1,3,149,0.008496791
eltm-pop-1,3,150,0.12178734
eltm-pop-1,3,151,0.011570099
eltm-pop-1,3,152,0.31007615
eltm-pop-1,3,153,0.12178734
eltm-pop-1,3,154,0.008496791
eltm-pop-1,3,155,0.12698357
eltm-pop-1,3,156,0.016829146
eltm-pop-1,3,157,0.008496791
eltm-pop-1,3,158,0.31007615
eltm-pop-1,3,159,0.008496791
eltm-pop-1,3,160,0.008496791
eltm-pop-1,3,161,0.036638644
eltm-pop-1,3,162,0.011812424
eltm-pop-1,3,163,0.026906505
eltm-pop-1,3,164,0.12178734
eltm-pop-1,3,165,0.12178734
eltm-pop-1,3,166,0.12178734
eltm-pop-1,3,167,0.0
eltm-pop-1,3,168,0.31007615
eltm-pop-1,3,169,0.31007615
eltm-pop-1,3,170,0.16583808
eltm-pop-1,3,171,0.12178734
eltm-pop-1,3,172,0.008496791
eltm-pop-1,3,173,0.011570099
eltm-pop-1,3,174,0.026906505
eltm-pop-1,3,175,0.12178734
eltm-pop-1,3,176,0.008496791
eltm-pop-1,3,177,0.12178734
eltm-pop-1,3,178,0.31007615
eltm-pop-1,3,179,0.036638644
eltm-pop-1,3,180,0.011570099
eltm-pop-1,3,181,0.016829146
eltm-pop-1,3,182,0.016829146
eltm-pop-1,3,183,0.026906505
eltm-pop-1,3,184,0.31007615
eltm-pop-1,3,185,0.026906505
eltm-pop-1,3,186,0.011570099
eltm-pop-1,3,187,0.31007615
eltm-pop-1,3,188,0.008496791
eltm-pop-1,3,189,0.16583808
eltm-pop-1,3,190,0.12178734
eltm-pop-1,3,191,0.011570099
eltm-pop-1,3,192,0.008496791
eltm-pop-1,3,193,0.12698357
eltm-pop-1,3,194,0.16583808
eltm-pop-1,3,195,0.12178734
eltm-pop-1,3,196,0.008496791
eltm-pop-1,3,197,0.16583808
eltm-pop-1,3,198,0.12698357
eltm-pop-1,3,199,0.12178734
eltm-pop-1,3,200,0.16583808
eltm-pop-1,3,201,0.011812424
eltm-pop-1,3,202,0.12178734
eltm-pop-1,3,203,0.026906505
eltm-pop-1,3,204,0.008496791
eltm-pop-1,3,205,0.026906505
eltm-pop-1,3,206,0.16583808
eltm-pop-1,3,207,0.011570099
eltm-pop-1,3,208,0.16583808
eltm-pop-1,3,209,0.016829146
eltm-pop-1,3,210,0.12178734
eltm-pop-1,3,211,0.016829146
eltm-pop-1,3,212,0.008496791
eltm-pop-1,3,213,0.12698357
eltm-pop-1,3,214,0.036638644
eltm-pop-1,3,215,0.036638644
eltm-pop-1,3,216,0.011570099
eltm-pop-1,3,217,0.16583808
eltm-pop-1,3,218,0.008496791
eltm-pop-1,3,219,0.026906505
eltm-pop-1,3,220,0.0
eltm-pop-1,3,221,0.008496791
eltm-pop-1,3,222,0.12178734
eltm-pop-1,3,223,0.011570099
eltm-pop-1,3,224,0.31007615
eltm-pop-1,3,225,0.008496791
eltm-pop-1,3,226,0.036638644
eltm-pop-1,3,227,0.12178734
eltm-pop-1,3,228,0.12178734
eltm-pop-1,3,229,0.0
eltm-pop-1,3,230,0.12698357
eltm-pop-1,3,231,0.16583808
eltm-pop-1,3,232,0.31007615
eltm-pop-1,3,233,0.011570099
eltm-pop-1,3,234,0.12698357
eltm-pop-1,3,235,0.026906505
eltm-pop-1,3,236,0.12178734
eltm-pop-1,3,237,0.12178734
eltm-pop-1,3,238,0.011570099
eltm-pop-1,3,239,0.008496791
eltm-pop-1,3,240,0.16583808
eltm-pop-1,3,241,0.16583808
eltm-pop-1,3,242,0.31007615
eltm-pop-1,3,243,0.10631182
eltm-pop-1,3,244,0.008496791
eltm-pop-1,3,245,0.011570099
eltm-pop-1,3,246,0.12178734
eltm-pop-1,3,247,0.31007615
eltm-pop-1,3,248,0.16583808
eltm-pop-1,3,249,0.026906505
eltm-pop-1,3,250,0.026906505
eltm-pop-1,3,251,0.008496791
eltm-pop-1,3,252,0.12698357
eltm-pop-1,3,253,0.31007615
eltm-pop-1,3,254,0.12698357
eltm-pop-1,3,255,0.036638644
eltm-pop-1,3,256,0.10631182
eltm-pop-1,3,257,0.008496791
eltm-pop-1,3,258,0.12178734
eltm-pop-1,3,259,0.16583808
eltm-pop-1,3,260,0.12178734
eltm-pop-1,3,261,0.12178734
eltm-pop-1,3,262,0.011570099
eltm-pop-1,3,263,0.16583808
eltm-pop-1,3,264,0.026906505
eltm-pop-1,3,265,0.036638644
eltm-pop-1,3,266,0.16583808
eltm-pop-1,3,267,0.011570099
eltm-pop-1,3,268,0.31007615
eltm-pop-1,3,269,0.036638644
eltm-pop-1,3,270,0.036638644
eltm-pop-1,3,271,0.31007615
eltm-pop-1,3,272,0.16583808
eltm-pop-1,3,273,0.12698357
eltm-pop-1,3,274,0.31007615
eltm-pop-1,3,275,0.011570099
eltm-pop-1,3,276,0.16583808
eltm-pop-1,3,277,0.31007615
eltm-pop-1,3,278,0.026906505
eltm-pop-1,3,279,0.12178734
eltm-pop-1,3,280,0.011570099
eltm-pop-1,3,281,0.12178734
eltm-pop-1,3,282,0.008496791
eltm-pop-1,3,283,0.12698357
eltm-pop-1,3,284,0.011570099
eltm-pop-1,3,285,0.008496791
eltm-pop-1,3,286,0.008496791
eltm-pop-1,3,287,0.0
eltm-pop-1,3,288,0.12698357
eltm-pop-1,3,289,0.026906505
eltm-pop-1,3,290,0.011570099
eltm-pop-1,3,291,0.036638644
eltm-pop-1,3,292,0.011570099
eltm-pop-1,3,293,0.011812424
eltm-pop-1,3,294,0.31007615
eltm-pop-1,3,295,0.036638644
eltm-pop-1,3,296,0.036638644
eltm-pop-1,3,297,0.036638644
eltm-pop-1,3,298,0.026906505
eltm-pop-1,3,299,0.31007615
eltm-pop-1,4,0,0.12698357
eltm-pop-1,4,1,0.31007615
eltm-pop-1,4,2,0.16583808
eltm-pop-1,4,3,0.10631182
eltm-pop-1,4,4,0.16583808
eltm-pop-1,4,5,0.16583808
eltm-pop-1,4,6,0.16583808
eltm-pop-1,4,7,0.12698357
eltm-pop-1,4,8,0.10631182
eltm-pop-1,4,9,0.12698357
eltm-pop-1,4,10,0.31007615
eltm-pop-1,4,11,0.16583808
eltm-pop-1,4,12,0.12698357
eltm-pop-1,4,13,0.011570099
eltm-pop-1,4,14,0.036638644
eltm-pop-1,4,15,0.036638644
eltm-pop-1,4,16,0.16583808
eltm-pop-1,4,17,0.10631182
eltm-pop-1,4,18,0.16583808
eltm-pop-1,4,19,0.16583808
eltm-pop-1,4,20,0.12178734
eltm-pop-1,4,21,0.31007615
eltm-pop-1,4,22,0.12698357
eltm-pop-1,4,23,0.31007615
eltm-pop-1,4,24,0.12178734
eltm-pop-1,4,25,0.011570099
eltm-pop-1,4,26,0.16583808
eltm-pop-1,4,27,0.31007615
eltm-pop-1,4,28,0.016829146
eltm-pop-1,4,29,0.12698357
eltm-pop-1,4,30,0.31007615
eltm-pop-1,4,31,0.011570099
eltm-pop-1,4,32,0.011570099
eltm-pop-1,4,33,0.31007615
eltm-pop-1,4,34,0.31007615
eltm-pop-1,4,35,0.12698357
eltm-pop-1,4,36,0.12698357
eltm-pop-1,4,37,0.011570099
eltm-pop-1,4,38,0.16583808
eltm-pop-1,4,39,0.12178734
eltm-pop-1,4,40,0.12698357
eltm-pop-1,4,41,0.10631182
eltm-pop-1,4,42,0.16583808
eltm-pop-1,4,43,0.008496791
eltm-pop-1,4,44,0.12698357
eltm-pop-1,4,45,0.04109443
eltm-pop-1,4,46,0.16583808
eltm-pop-1,4,47,0.31007615
eltm-pop-1,4,48,0.16583808
eltm-pop-1,4,49,0.16583808
eltm-pop-1,4,50,0.31007615
eltm-pop-1,4,51,0.011570099
eltm-pop-1,4,52,0.16583808
eltm-pop-1,4,53,0.011570099
eltm-pop-1,4,54,0.31007615
eltm-pop-1,4,55,0.31007615
eltm-pop-1,4,56,0.16583808
eltm-pop-1,4,57,0.04109443
eltm-pop-1,4,58,0.011570099
eltm-pop-1,4,59,0.011570099
eltm-pop-1,4,60,0.011570099
eltm-pop-1,4,61,0.036638644
eltm-pop-1,4,62,0.12698357
eltm-pop-1,4,63,0.011570099
eltm-pop-1,4,64,0.16583808
eltm-pop-1,4,65,0.16583808
eltm-pop-1,4,66,0.011570099
eltm-pop-1,4,67,0.036638644
eltm-pop-1,4,68,0.011570099
eltm-pop-1,4,69,0.31007615
eltm-pop-1,4,70,0.011570099
eltm-pop-1,4,71,0.026906505
eltm-pop-1,4,72,0.016829146
eltm-pop-1,4,73,0.011570099
eltm-pop-1,4,74,0.16583808
eltm-pop-1,4,75,0.31007615
eltm-pop-1,4,76,0.12698357
eltm-pop-1,4,77,0.16583808
eltm-pop-1,4,78,0.036638644
eltm-pop-1,4,79,0.011570099
eltm-pop-1,4,80,0.12698357
eltm-pop-1,4,81,0.12698357
eltm-pop-1,4,82,0.011570099
eltm-pop-1,4,83,0.16583808
eltm-pop-1,4,84,0.16583808
eltm-pop-1,4,85,0.31007615
eltm-pop-1,4,86,0.31007615
eltm-pop-1,4,87,0.16583808
eltm-pop-1,4,88,0.011570099
eltm-pop-1,4,89,0.04109443
eltm-pop-1,4,90,0.16583808
eltm-pop-1,4,91,0.16583808
eltm-pop-1,4,92,0.16583808
eltm-pop-1,4,93,0.16583808
eltm-pop-1,4,94,0.31007615
eltm-pop-1,4,95,0.12698357
eltm-pop-1,4,96,0.011570099
eltm-pop-1,4,97,0.31007615
eltm-pop-1,4,98,0.011570099
eltm-pop-1,4,99,0.16583808
eltm-pop-1,4,100,0.16583808
eltm-pop-1,4,101,0.31007615
eltm-pop-1,4,102,0.016829146
eltm-pop-1,4,103,0.16583808
eltm-pop-1,4,104,0.16583808
eltm-pop-1,4,105,0.16583808
eltm-pop-1,4,106,0.16583808
eltm-pop-1,4,107,0.31007615
eltm-pop-1,4,108,0.10631182
eltm-pop-1,4,109,0.12698357
eltm-pop-1,4,110,0.16583808
eltm-pop-1,4,111,0.16583808
eltm-pop-1,4,112,0.10631182
eltm-pop-1,4,113,0.12698357
eltm-pop-1,4,114,0.12698357
eltm-pop-1,4,115,0.0
eltm-pop-1,4,116,0.011570099
eltm-pop-1,4,117,0.011570099
eltm-pop-1,4,118,0.12178734
eltm-pop-1,4,119,0.16583808
eltm-pop-1,4,120,0.16583808
eltm-pop-1,4,121,0.16583808
eltm-pop-1,4,122,0.16583808
eltm-pop-1,4,123,0.31007615
eltm-pop-1,4,124,0.011570099
eltm-pop-1,4,125,0.16583808
eltm-pop-1,4,126,0.011570099
eltm-pop-1,4,127,0.036638644
eltm-pop-1,4,128,0.16583808
eltm-pop-1,4,129,0.31007615
eltm-pop-1,4,130,0.16583808
eltm-pop-1,4,131,0.31007615
eltm-pop-1,4,132,0.16583808
eltm-pop-1,4,133,0.16583808
eltm-pop-1,4,134,0.12698357
eltm-pop-1,4,135,0.31007615
eltm-pop-1,4,136,0.12178734
eltm-pop-1,4,137,0.16583808
eltm-pop-1,4,138,0.16583808
eltm-pop-1,4,139,0.16583808
eltm-pop-1,4,140,0.008496791
eltm-pop-1,4,141,0.10631182
eltm-pop-1,4,142,0.16583808
eltm-pop-1,4,143,0.011570099
eltm-pop-1,4,144,0.016829146
eltm-pop-1,4,145,0.31007615
eltm-pop-1,4,146,0.16583808
eltm-pop-1,4,147,0.16583808
eltm-pop-1,4,148,0.12698357
eltm-pop-1,4,149,0.011812424
eltm-pop-1,4,150,0.31007615
eltm-pop-1,4,151,0.31007615
eltm-pop-1,4,152,0.10631182
eltm-pop-1,4,153,0.12698357
eltm-pop-1,4,154,0.16583808
eltm-pop-1,4,155,0.16583808
eltm-pop-1,4,156,0.31007615
eltm-pop-1,4,157,0.12698357
eltm-pop-1,4,158,0.16583808
eltm-pop-1,4,159,0.016829146
eltm-pop-1,4,160,0.12698357
eltm-pop-1,4,161,0.011570099
eltm-pop-1,4,162,0.16583808
eltm-pop-1,4,163,0.04109443
eltm-pop-1,4,164,0.16583808
eltm-pop-1,4,165,0.011812424
eltm-pop-1,4,166,0.016829146
eltm-pop-1,4,167,0.16583808
eltm-pop-1,4,168,0.12698357
eltm-pop-1,4,169,0.12698357
eltm-pop-1,4,170,0.12698357
eltm-pop-1,4,171,0.12698357
eltm-pop-1,4,172,0.16583808
eltm-pop-1,4,173,0.31007615
eltm-pop-1,4,174,0.036638644
eltm-pop-1,4,175,0.10631182
eltm-pop-1,4,176,0.04109443
eltm-pop-1,4,177,0.31007615
eltm-pop-1,4,178,0.31007615
eltm-pop-1,4,179,0.16583808
eltm-pop-1,4,180,0.12698357
eltm-pop-1,4,181,0.16583808
eltm-pop-1,4,182,0.16583808
eltm-pop-1,4,183,0.011570099
eltm-pop-1,4,184,0.16583808
eltm-pop-1,4,185,0.16583808
eltm-pop-1,4,186,0.12698357
eltm-pop-1,4,187,0.12698357
eltm-pop-1,4,188,0.011570099
eltm-pop-1,4,189,0.16583808
eltm-pop-1,4,190,0.011570099
eltm-pop-1,4,191,0.011570099
eltm-pop-1,4,192,0.04109443
eltm-pop-1,4,193,0.011570099
eltm-pop-1,4,194,0.31007615
eltm-pop-1,4,195,0.04109443
eltm-pop-1,4,196,0.011570099
eltm-pop-1,4,197,0.12698357
eltm-pop-1,4,198,0.31007615
eltm-pop-1,4,199,0.011570099
eltm-pop-1,4,200,0.10631182
eltm-pop-1,4,201,0.12698357
eltm-pop-1,4,202,0.12698357
eltm-pop-1,4,203,0.16583808
eltm-pop-1,4,204,0.31007615
eltm-pop-1,4,205,0.31007615
eltm-pop-1,4,206,0.16583808
eltm-pop-1,4,207,0.16583808
eltm-pop-1,4,208,0.16583808
eltm-pop-1,4,209,0.12178734
eltm-pop-1,4,210,0.16583808
eltm-pop-1,4,211,0.16583808
eltm-pop-1,4,212,0.16583808
eltm-pop-1,4,213,0.036638644
eltm-pop-1,4,214,0.16583808
eltm-pop-1,4,215,0.12178734
eltm-pop-1,4,216,0.036638644
eltm-pop-1,4,217,0.016829146
eltm-pop-1,4,218,0.04109443
eltm-pop-1,4,219,0.011570099
eltm-pop-1,4,220,0.12178734
eltm-pop-1,4,221,0.12698357
eltm-pop-1,4,222,0.16583808
eltm-pop-1,4,223,0.31007615
eltm-pop-1,4,224,0.12698357
eltm-pop-1,4,225,0.16583808
eltm-pop-1,4,226,0.16583808
eltm-pop-1,4,227,0.016829146
eltm-pop-1,4,228,0.31007615
eltm-pop-1,4,229,0.011570099
eltm-pop-1,4,230,0.16583808
eltm-pop-1,4,231,0.16583808
eltm-pop-1,4,232,0.011570099
eltm-pop-1,4,233,0.04109443
eltm-pop-1,4,234,0.31007615
eltm-pop-1,4,235,0.31007615
eltm-pop-1,4,236,0.31007615
eltm-pop-1,4,237,0.16583808
eltm-pop-1,4,238,0.16583808
eltm-pop-1,4,239,0.16583808
eltm-pop-1,4,240,0.16583808
eltm-pop-1,4,241,0.16583808
eltm-pop-1,4,242,0.011570099
eltm-pop-1,4,243,0.014089518
eltm-pop-1,4,244,0.16583808
eltm-pop-1,4,245,0.12698357
eltm-pop-1,4,246,0.16583808
eltm-pop-1,4,247,0.31007615
eltm-pop-1,4,248,0.16583808
eltm-pop-1,4,249,0.16583808
eltm-pop-1,4,250,0.12698357
eltm-pop-1,4,251,0.31007615
eltm-pop-1,4,252,0.31007615
eltm-pop-1,4,253,0.16583808
eltm-pop-1,4,254,0.31007615
eltm-pop-1,4,255,0.31007615
eltm-pop-1,4,256,0.12698357
eltm-pop-1,4,257,0.016829146
eltm-pop-1,4,258,0.16583808
eltm-pop-1,4,259,0.31007615
eltm-pop-1,4,260,0.16583808
eltm-pop-1,4,261,0.12698357
eltm-pop-1,4,262,0.12698357
eltm-pop-1,4,263,0.16583808
eltm-pop-1,4,264,0.12698357
eltm-pop-1,4,265,0.10631182
eltm-pop-1,4,266,0.31007615
eltm-pop-1,4,267,0.16583808
eltm-pop-1,4,268,0.16583808
eltm-pop-1,4,269,0.16583808
eltm-pop-1,4,270,0.31007615
eltm-pop-1,4,271,0.16583808
eltm-pop-1,4,272,0.16583808
eltm-pop-1,4,273,0.16583808
eltm-pop-1,4,274,0.16583808
eltm-pop-1,4,275,0.31007615
eltm-pop-1,4,276,0.04109443
eltm-pop-1,4,277,0.10631182
eltm-pop-1,4,278,0.16583808
eltm-pop-1,4,279,0.16583808
eltm-pop-1,4,280,0.016829146
eltm-pop-1,4,281,0.12698357
eltm-pop-1,4,282,0.011570099
eltm-pop-1,4,283,0.036638644
eltm-pop-1,4,284,0.016829146
eltm-pop-1,4,285,0.16583808
eltm-pop-1,4,286,0.011570099
eltm-pop-1,4,287,0.31007615
eltm-pop-1,4,288,0.16583808
eltm-pop-1,4,289,0.16583808
eltm-pop-1,4,290,0.31007615
eltm-pop-1,4,291,0.016829146
eltm-pop-1,4,292,0.16583808
eltm-pop-1,4,293,0.31007615
eltm-pop-1,4,294,0.12698357
eltm-pop-1,4,295,0.16583808
eltm-pop-1,4,296,0.011812424
eltm-pop-1,4,297,0.12698357
eltm-pop-1,4,298,0.16583808
eltm-pop-1,4,299,0.31007615
eltm-pop-1,5,0,0.12698357
eltm-pop-1,5,1,0.12698357
eltm-pop-1,5,2,0.10631182
eltm-pop-1,5,3,0.31007615
eltm-pop-1,5,4,0.12698357
eltm-pop-1,5,5,0.31007615
eltm-pop-1,5,6,0.12178734
eltm-pop-1,5,7,0.31007615
eltm-pop-1,5,8,0.31007615
eltm-pop-1,5,9,0.16583808
eltm-pop-1,5,10,0.16583808
eltm-pop-1,5,11,0.16583808
eltm-pop-1,5,12,0.31007615
eltm-pop-1,5,13,0.16583808
eltm-pop-1,5,14,0.12698357
eltm-pop-1,5,15,0.12698357
eltm-pop-1,5,16,0.31007615
eltm-pop-1,5,17,0.10631182
eltm-pop-1,5,18,0.12178734
eltm-pop-1,5,19,0.31007615
eltm-pop-1,5,20,0.12698357
eltm-pop-1,5,21,0.31007615
eltm-pop-1,5,22,0.12178734
eltm-pop-1,5,23,0.011812424
eltm-pop-1,5,24,0.10631182
eltm-pop-1,5,25,0.12698357
eltm-pop-1,5,26,0.16583808
eltm-pop-1,5,27,0.011812424
eltm-pop-1,5,28,0.12698357
eltm-pop-1,5,29,0.16583808
eltm-pop-1,5,30,0.31007615
eltm-pop-1,5,31,0.12178734
eltm-pop-1,5,32,0.12698357
eltm-pop-1,5,33,0.12698357
eltm-pop-1,5,34,0.16583808
eltm-pop-1,5,35,0.12178734
eltm-pop-1,5,36,0.12698357
eltm-pop-1,5,37,0.16583808
eltm-pop-1,5,38,0.16583808
eltm-pop-1,5,39,0.12698357
eltm-pop-1,5,40,0.16583808
eltm-pop-1,5,41,0.12698357
eltm-pop-1,5,42,0.04109443
eltm-pop-1,5,43,0.011570099
eltm-pop-1,5,44,0.12698357
eltm-pop-1,5,45,0.16583808
eltm-pop-1,5,46,0.12178734
eltm-pop-1,5,47,0.036638644
eltm-pop-1,5,48,0.31007615
eltm-pop-1,5,49,0.12698357
eltm-pop-1,5,50,0.12698357
eltm-pop-1,5,51,0.31007615
eltm-pop-1,5,52,0.12178734
eltm-pop-1,5,53,0.12178734
eltm-pop-1,5,54,0.12698357
eltm-pop-1,5,55,0.12698357
eltm-pop-1,5,56,0.011570099
eltm-pop-1,5,57,0.036638644
eltm-pop-1,5,58,0.10631182
eltm-pop-1,5,59,0.026906505
eltm-pop-1,5,60,0.31007615
eltm-pop-1,5,61,0.036638644
eltm-pop-1,5,62,0.12178734
eltm-pop-1,5,63,0.12698357
eltm-pop-1,5,64,0.31007615
eltm-pop-1,5,65,0.12698357
eltm-pop-1,5,66,0.04109443
eltm-pop-1,5,67,0.011570099
eltm-pop-1,5,68,0.12698357
eltm-pop-1,5,69,0.12698357
eltm-pop-1,5,70,0.31007615
eltm-pop-1,5,71,0.16583808
eltm-pop-1,5,72,0.31007615
eltm-pop-1,5,73,0.12698357
eltm-pop-1,5,74,0.12698357
eltm-pop-1,5,75,0.31007615
eltm-pop-1,5,76,0.31007615
eltm-pop-1,5,77,0.16583808
eltm-pop-1,5,78,0.31007615
eltm-pop-1,5,79,0.31007615
eltm-pop-1,5,80,0.011812424
eltm-pop-1,5,81,0.12698357
eltm-pop-1,5,82,0.12698357
eltm-pop-1,5,83,0.016829146
eltm-pop-1,5,84,0.31007615
eltm-pop-1,5,85,0.011812424
eltm-pop-1,5,86,0.011570099
eltm-pop-1,5,87,0.12178734
eltm-pop-1,5,88,0.008496791
eltm-pop-1,5,89,0.31007615
eltm-pop-1,5,90,0.12698357
eltm-pop-1,5,91,0.31007615
eltm-pop-1,5,92,0.31007615
eltm-pop-1,5,93,0.16583808
eltm-pop-1,5,94,0.31007615
eltm-pop-1,5,95,0.10631182
eltm-pop-1,5,96,0.12698357
eltm-pop-1,5,97,0.12698357
eltm-pop-1,5,98,0.16583808
eltm-pop-1,5,99,0.12178734
eltm-pop-1,5,100,0.16583808
eltm-pop-1,5,101,0.008496791
eltm-pop-1,5,102,0.008496791
eltm-pop-1,5,103,0.16583808
eltm-pop-1,5,104,0.16583808
eltm-pop-1,5,105,0.011812424
eltm-pop-1,5,106,0.10631182
eltm-pop-1,5,107,0.16583808
eltm-pop-1,5,108,0.12698357
eltm-pop-1,5,109,0.31007615
eltm-pop-1,5,110,0.16583808
eltm-pop-1,5,111,0.31007615
eltm-pop-1,5,112,0.12178734
eltm-pop-1,5,113,0.12698357
eltm-pop-1,5,114,0.04109443
eltm-pop-1,5,115,0.12698357
eltm-pop-1,5,116,0.12698357
eltm-pop-1,5,117,0.008496791
eltm-pop-1,5,118,0.31007615
eltm-pop-1,5,119,0.31007615
eltm-pop-1,5,120,0.12698357
eltm-pop-1,5,121,0.31007615
eltm-pop-1,5,122,0.12698357
eltm-pop-1,5,123,0.011812424
eltm-pop-1,5,124,0.12698357
eltm-pop-1,5,125,0.31007615
eltm-pop-1,5,126,0.12178734
eltm-pop-1,5,127,0.31007615
eltm-pop-1,5,128,0.16583808
eltm-pop-1,5,129,0.12698357
eltm-pop-1,5,130,0.12698357
eltm-pop-1,5,131,0.31007615
eltm-pop-1,5,132,0.16583808
eltm-pop-1,5,133,0.10631182
eltm-pop-1,5,134,0.12698357
eltm-pop-1,5,135,0.31007615
eltm-pop-1,5,136,0.026906505
eltm-pop-1,5,137,0.10631182
eltm-pop-1,5,138,0.12698357
eltm-pop-1,5,139,0.16583808
eltm-pop-1,5,140,0.12178734
eltm-pop-1,5,141,0.12178734
eltm-pop-1,5,142,0.16583808
eltm-pop-1,5,143,0.31007615
eltm-pop-1,5,144,0.12178734
eltm-pop-1,5,145,0.026906505
eltm-pop-1,5,146,0.31007615
eltm-pop-1,5,147,0.036638644
eltm-pop-1,5,148,0.31007615
eltm-pop-1,5,149,0.04109443
eltm-pop-1,5,150,0.026906505
eltm-pop-1,5,151,0.016829146
eltm-pop-1,5,152,0.31007615
eltm-pop-1,5,153,0.31007615
eltm-pop-1,5,154,0.31007615
eltm-pop-1,5,155,0.16583808
eltm-pop-1,5,156,0.026906505
eltm-pop-1,5,157,0.12698357
eltm-pop-1,5,158,0.31007615
eltm-pop-1,5,159,0.12178734
eltm-pop-1,5,160,0.31007615
eltm-pop-1,5,161,0.12698357
eltm-pop-1,5,162,0.31007615
eltm-pop-1,5,163,0.31007615
eltm-pop-1,5,164,0.12178734
eltm-pop-1,5,165,0.16583808
eltm-pop-1,5,166,0.008496791
eltm-pop-1,5,167,0.31007615
eltm-pop-1,5,168,0.31007615
eltm-pop-1,5,169,0.12178734
eltm-pop-1,5,170,0.011570099
eltm-pop-1,5,171,0.10631182
eltm-pop-1,5,172,0.31007615
eltm-pop-1,5,173,0.31007615
eltm-pop-1,5,174,0.16583808
eltm-pop-1,5,175,0.31007615
eltm-pop-1,5,176,0.31007615
eltm-pop-1,5,177,0.011812424
eltm-pop-1,5,178,0.31007615
eltm-pop-1,5,179,0.036638644
eltm-pop-1,5,180,0.31007615
eltm-pop-1,5,181,0.12698357
eltm-pop-1,5,182,0.12178734
eltm-pop-1,5,183,0.011570099
eltm-pop-1,5,184,0.12698357
eltm-pop-1,5,185,0.31007615
eltm-pop-1,5,186,0.31007615
eltm-pop-1,5,187,0.12178734
eltm-pop-1,5,188,0.016829146
eltm-pop-1,5,189,0.011570099
eltm-pop-1,5,190,0.31007615
eltm-pop-1,5,191,0.31007615
eltm-pop-1,5,192,0.011812424
eltm-pop-1,5,193,0.12698357
eltm-pop-1,5,194,0.12178734
eltm-pop-1,5,195,0.12698357
eltm-pop-1,5,196,0.10631182
eltm-pop-1,5,197,0.31007615
eltm-pop-1,5,198,0.31007615
eltm-pop-1,5,199,0.31007615
eltm-pop-1,5,200,0.12698357
eltm-pop-1,5,201,0.31007615
eltm-pop-1,5,202,0.12178734
eltm-pop-1,5,203,0.12698357
eltm-pop-1,5,204,0.31007615
eltm-pop-1,5,205,0.31007615
eltm-pop-1,5,206,0.12698357
eltm-pop-1,5,207,0.31007615
eltm-pop-1,5,208,0.12698357
eltm-pop-1,5,209,0.011812424
eltm-pop-1,5,210,0.04109443
eltm-pop-1,5,211,0.31007615
eltm-pop-1,5,212,0.026906505
eltm-pop-1,5,213,0.31007615
eltm-pop-1,5,214,0.16583808
eltm-pop-1,5,215,0.10631182
eltm-pop-1,5,216,0.31007615
eltm-pop-1,5,217,0.31007615
eltm-pop-1,5,218,0.31007615
eltm-pop-1,5,219,0.011812424
eltm-pop-1,5,220,0.16583808
eltm-pop-1,5,221,0.12698357
eltm-pop-1,5,222,0.16583808
eltm-pop-1,5,223,0.011570099
eltm-pop-1,5,224,0.31007615
eltm-pop-1,5,225,0.008496791
eltm-pop-1,5,226,0.31007615
eltm-pop-1,5,227,0.31007615
eltm-pop-1,5,228,0.16583808
eltm-pop-1,5,229,0.12698357
eltm-pop-1,5,230,0.12698357
eltm-pop-1,5,231,0.31007615
eltm-pop-1,5,232,0.31007615
eltm-pop-1,5,233,0.036638644
eltm-pop-1,5,234,0.16583808
eltm-pop-1,5,235,0.16583808
eltm-pop-1,5,236,0.16583808
eltm-pop-1,5,237,0.12698357
eltm-pop-1,5,238,0.011812424
eltm-pop-1,5,239,0.008496791
eltm-pop-1,5,240,0.31007615
eltm-pop-1,5,241,0.31007615
eltm-pop-1,5,242,0.16583808
eltm-pop-1,5,243,0.31007615
eltm-pop-1,5,244,0.12178734
eltm-pop-1,5,245,0.31007615
eltm-pop-1,5,246,0.31007615
eltm-pop-1,5,247,0.31007615
eltm-pop-1,5,248,0.31007615
eltm-pop-1,5,249,0.10631182
eltm-pop-1,5,250,0.31007615
eltm-pop-1,5,251,0.16583808
eltm-pop-1,5,252,0.12698357
eltm-pop-1,5,253,0.12178734
eltm-pop-1,5,254,0.31007615
eltm-pop-1,5,255,0.31007615
eltm-pop-1,5,256,0.16583808
eltm-pop-1,5,257,0.31007615
eltm-pop-1,5,258,0.12698357
eltm-pop-1,5,259,0.31007615
eltm-pop-1,5,260,0.008496791
eltm-pop-1,5,261,0.31007615
eltm-pop-1,5,262,0.10631182
eltm-pop-1,5,263,0.12698357
eltm-pop-1,5,264,0.31007615
eltm-pop-1,5,265,0.31007615
eltm-pop-1,5,266,0.12698357
eltm-pop-1,5,267,0.12698357
eltm-pop-1,5,268,0.12698357
eltm-pop-1,5,269,0.10631182
eltm-pop-1,5,270,0.31007615
eltm-pop-1,5,271,0.12698357
eltm-pop-1,5,272,0.12698357
eltm-pop-1,5,273,0.12178734
eltm-pop-1,5,274,0.16583808
eltm-pop-1,5,275,0.12698357
eltm-pop-1,5,276,0.31007615
eltm-pop-1,5,277,0.31007615
eltm-pop-1,5,278,0.12178734
eltm-pop-1,5,279,0.12178734
eltm-pop-1,5,280,0.10631182
eltm-pop-1,5,281,0.31007615
eltm-pop-1,5,282,0.12178734
eltm-pop-1,5,283,0.10631182
eltm-pop-1,5,284,0.12698357
eltm-pop-1,5,285,0.16583808
eltm-pop-1,5,286,0.12698357
eltm-pop-1,5,287,0.12698357
eltm-pop-1,5,288,0.31007615
eltm-pop-1,5,289,0.31007615
eltm-pop-1,5,290,0.12698357
eltm-pop-1,5,291,0.12178734
eltm-pop-1,5,292,0.12698357
eltm-pop-1,5,293,0.31007615
eltm-pop-1,5,294,0.16583808
eltm-pop-1,5,295,0.12698357
eltm-pop-1,5,296,0.008496791
eltm-pop-1,5,297,0.0
eltm-pop-1,5,298,0.12698357
eltm-pop-1,5,299,0.31007615
